id,name,genres
7oPftvlwr6VrsViSDV7fJY,Green Day,"['punk', 'pop punk']"
4iJLPqClelZOBCBifm8Fzv,Pierce The Veil,"['emo', 'screamo', 'post-hardcore']"
7t0rwkOPGlDPEhaOcVtOt9,The Cranberries,[]
4iJLPqClelZOBCBifm8Fzv,Pierce The Veil,"['emo', 'screamo', 'post-hardcore']"
4iJLPqClelZOBCBifm8Fzv,Pierce The Veil,"['emo', 'screamo', 'post-hardcore']"
7FBcuc1gsnv6Y1nwFtNRCb,My Chemical Romance,"['emo', 'pop punk']"
4iJLPqClelZOBCBifm8Fzv,Pierce The Veil,"['emo', 'screamo', 'post-hardcore']"
43sZBwHjahUvgbx1WNIkIz,Creed,['post-grunge']
7FBcuc1gsnv6Y1nwFtNRCb,My Chemical Romance,"['emo', 'pop punk']"
4iJLPqClelZOBCBifm8Fzv,Pierce The Veil,"['emo', 'screamo', 'post-hardcore']"
7iWiAD5LLKyiox2grgfmUT,Bullet For My Valentine,"['metalcore', 'metal']"
7FBcuc1gsnv6Y1nwFtNRCb,My Chemical Romance,"['emo', 'pop punk']"
0p4nmQO2msCgU4IF37Wi3j,Avril Lavigne,[]
7oPftvlwr6VrsViSDV7fJY,Green Day,"['punk', 'pop punk']"
3zxKH0qp3nBCuPZCZT5Vaf,Yellowcard,"['pop punk', 'punk', 'emo']"
0p4nmQO2msCgU4IF37Wi3j,Avril Lavigne,[]
05fG473iIaoy82BF1aGhL8,Slipknot,"['nu metal', 'metal', 'alternative metal', 'rap metal', 'heavy metal']"
7oPftvlwr6VrsViSDV7fJY,Green Day,"['punk', 'pop punk']"
20Mutv4YGHdWGQXZFFjbuD,Joel Cossette,[]
0p4nmQO2msCgU4IF37Wi3j,Avril Lavigne,[]
0p4nmQO2msCgU4IF37Wi3j,Avril Lavigne,[]
4iJLPqClelZOBCBifm8Fzv,Pierce The Veil,"['emo', 'screamo', 'post-hardcore']"
7lbX2TQTHawmdlhNuXDzHs,Lindsey Stamey,[]
4iJLPqClelZOBCBifm8Fzv,Pierce The Veil,"['emo', 'screamo', 'post-hardcore']"
163tK9Wjr9P9DmM0AVK7lm,Lorde,[]
163tK9Wjr9P9DmM0AVK7lm,Lorde,[]
163tK9Wjr9P9DmM0AVK7lm,Lorde,[]
7iWiAD5LLKyiox2grgfmUT,Bullet For My Valentine,"['metalcore', 'metal']"
7oPftvlwr6VrsViSDV7fJY,Green Day,"['punk', 'pop punk']"
4iJLPqClelZOBCBifm8Fzv,Pierce The Veil,"['emo', 'screamo', 'post-hardcore']"
0p4nmQO2msCgU4IF37Wi3j,Avril Lavigne,[]
7FBcuc1gsnv6Y1nwFtNRCb,My Chemical Romance,"['emo', 'pop punk']"
7FBcuc1gsnv6Y1nwFtNRCb,My Chemical Romance,"['emo', 'pop punk']"
1yWLf9thhwjqScDt6Az4Z9,Tez,"['v-pop', 'vietnamese hip hop', 'vinahouse']"
5Hv9MhUFvGlYurce5BDRUh,Gill,"['vietnamese hip hop', 'v-pop', 'vietnam indie']"
39UJlviUwzZGZrA8DiQy31,Mason Nguyen,"['vietnamese hip hop', 'v-pop']"
4jQZaxfgwiUJFQagCyZNV4,Ricky Star,"['vietnamese hip hop', 'v-pop', 'vietnam indie']"
0JggLWdYe1p6oHZoHpyPSD,Blacka,"['vietnamese hip hop', 'v-pop']"
3rjcQ5VIWCN4q7UFetzdeO,JustaTee,"['v-pop', 'vietnamese hip hop', 'vietnam indie']"
1Jmkhzve9TuXHUUWGmpANw,Wxrdie,"['vietnamese hip hop', 'v-pop']"
5Hv9MhUFvGlYurce5BDRUh,Gill,"['vietnamese hip hop', 'v-pop', 'vietnam indie']"
5xY6E5PMZNtz9jDvxTRiGI,Dangrangto,"['vietnamese hip hop', 'v-pop']"
3JWIaDWHJq11w1xPqJStEv,Hustlang Robber,"['vietnamese hip hop', 'v-pop']"
5Hv9MhUFvGlYurce5BDRUh,Gill,"['vietnamese hip hop', 'v-pop', 'vietnam indie']"
0wATZebE9ZNj7fTjTdwiJB,Kewtiie,"['v-pop', 'vietnamese hip hop', 'vietnam indie']"
3piry0LLLlUlt8njD4YZ0p,YoungTazle,"['vietnamese hip hop', 'v-pop']"
3wpXSzZJGMqPISAaXHJ854,YBEEsofresh,['melodic rap']
3vKwWYkN7HO195UkIyXeVj,playboicamau,[]
6uAa2LaYiWLsy8FlwtKvay,SIXTYUPTOWN,"['vietnamese hip hop', 'v-pop', 'vietnam indie']"
2lnesmkx2eGDj0wTUv61Ch,Rocky CDE,"['vietnamese hip hop', 'v-pop', 'vinahouse']"
5065aHa5E9M7GUqXpcpCxC,Khan,"['vietnamese hip hop', 'v-pop']"
5HZtdKfC4xU0wvhEyYDWiY,HIEUTHUHAI,"['v-pop', 'vietnamese hip hop', 'vietnamese lo-fi', 'vietnam indie', 'vinahouse']"
3y6Lfjkrdn5TgkbgDxbpvM,marzuz,"['v-pop', 'vietnam indie', 'vietnamese hip hop']"
5HZtdKfC4xU0wvhEyYDWiY,HIEUTHUHAI,"['v-pop', 'vietnamese hip hop', 'vietnamese lo-fi', 'vietnam indie', 'vinahouse']"
3y6Lfjkrdn5TgkbgDxbpvM,marzuz,"['v-pop', 'vietnam indie', 'vietnamese hip hop']"
1cPpd989kghzlZqfpP4KwL,RAP VIỆT,"['vietnamese hip hop', 'v-pop']"
5Hv9MhUFvGlYurce5BDRUh,Gill,"['vietnamese hip hop', 'v-pop', 'vietnam indie']"
5Q5ZsD33P3z5ZiVmOC5WMx,GUA,"['v-pop', 'vietnamese hip hop']"
61xZPq6m9D1pmKc68G1YPR,Tranc,[]
5Hv9MhUFvGlYurce5BDRUh,Gill,"['vietnamese hip hop', 'v-pop', 'vietnam indie']"
4ZFRJP4p2Ul4kGnKrEn5W2,Hazel,"['vietnamese hip hop', 'drill', 'vietnam indie', 'v-pop']"
0TkVD1db28vwnS8e3QpEeX,NxT,"['vietnamese hip hop', 'v-pop', 'drill']"
0hUr8xEtATxbq2OTiJFAP0,24k.Right,"['vietnamese hip hop', 'v-pop']"
39UJlviUwzZGZrA8DiQy31,Mason Nguyen,"['vietnamese hip hop', 'v-pop']"
3g8l4a4JtYNpYKqSMZMnK0,Hipz,"['vietnamese hip hop', 'v-pop']"
5HZtdKfC4xU0wvhEyYDWiY,HIEUTHUHAI,"['v-pop', 'vietnamese hip hop', 'vietnamese lo-fi', 'vietnam indie', 'vinahouse']"
4MHq627pFLlhqrdQTamHtm,$ativa,"['vietnamese hip hop', 'v-pop']"
1DxMYqEhE2kFdVI9mrxUJf,Buford,[]
3oD2yI1g6aT3KawHD8ZYaU,TeuYungBoy,"['vietnamese hip hop', 'v-pop']"
5xY6E5PMZNtz9jDvxTRiGI,Dangrangto,"['vietnamese hip hop', 'v-pop']"
3rSAej8VUifF02zpsGjsRZ,DONAL,"['vietnamese hip hop', 'v-pop']"
0FvZX3MHDrlAAnf15FgBkA,Richie D. ICY,"['vietnamese hip hop', 'v-pop']"
0ZbgKh0FgPYeFP38nVaEGp,Obito,"['v-pop', 'vietnamese hip hop', 'vietnam indie']"
620SGhgUsNYFnVULyiGCeL,RPT TC,"['vietnamese hip hop', 'v-pop']"
25JRC8aMGIGBIJ5KiINv3l,RPT Orijinn,"['vietnamese hip hop', 'v-pop']"
5GMm4G65nNaLgMddJ6Zsor,phemak,"['vietnamese hip hop', 'v-pop']"
