track_id,album_id,played_at
5TpPSTItCwtZ8Sltr3vdzm,1AHZd3C3S8m8fFrhFxyk79,27-11-2025 03:02:38
2SYMnBpx7zyhSDPQwoOlFO,661Hz0qJK8WIp7vAWsqKvk,25-11-2025 19:55:58
49wOjOkS4pBK3PQnPnNYjb,5zjZVqXPI7J5qtBsZMjlI8,25-11-2025 19:52:20
2G8PweZBBwTpyP8vpNQJK2,01dcOm8Whefyve6zChrq9Q,25-11-2025 19:29:16
6bGac1gBHs7kUKihrudMzq,01dcOm8Whefyve6zChrq9Q,25-11-2025 19:24:47
4RAOI1etsgbh5NP3T5R8rN,0FZK97MXMm5mUQ8mtudjuK,25-11-2025 19:20:07
4QCczE24wLpDmPJ3qwwEvC,6LkthUHeWKSJsXhjs7SXFq,25-11-2025 19:16:08
42T2QQv3xgBlpQxaSP7lnK,2ENlJXygQX6en4iziijet6,25-11-2025 19:09:25
6rlnljojqC42vtUeixpFAg,3WEwomTOJHNRGZggBfCeGX,25-11-2025 19:05:27
2Z7Q9xBlQvzsJ0AAUyKr7J,01dcOm8Whefyve6zChrq9Q,25-11-2025 19:01:17
5pKCDm2fw4k6D6C5Rk646C,58TQcPpRD9XcXhUDWF5P27,25-11-2025 18:57:15
0Jli6hojT6aSBcFg4L2P5f,29mlJg2PpuihKDNYZalIxw,25-11-2025 18:19:34
54JKnDB3CzVu8wNAOM27BI,6lqE05fiHWJVYYdMVJNj38,25-11-2025 17:18:44
3ZffCQKLFLUvYM59XKLbVm,5dN7F9DV0Qg1XRdIgW8rke,25-11-2025 17:13:31
79nOr7w5ofaSCHqPtP6fLz,3CwY3BM1DVO7G78p5rlcai,25-11-2025 17:08:45
3RptaQ5Xb8WvtpItZ2f9Hi,0hFWapnP7orzXCMwNU5DuA,25-11-2025 17:04:33
0U87auHx1iZTEFcq9KVdmO,19ObsGobUuBr11M6ysFMug,25-11-2025 16:59:56
0pwQZkXAMjnTMSEaAQ6IG3,7gXd4yQ2j6bnA85edia95q,25-11-2025 16:54:18
5xEM5hIgJ1jjgcEBfpkt2F,3zXjR3y2dUWklKmmp6lEhy,25-11-2025 16:50:58
5xEM5hIgJ1jjgcEBfpkt2F,3zXjR3y2dUWklKmmp6lEhy,25-11-2025 16:49:11
5u2FOoFhp495GIj5BJC77J,661Hz0qJK8WIp7vAWsqKvk,25-11-2025 14:44:55
40WWeoX26jtsfdmFx5iRty,661Hz0qJK8WIp7vAWsqKvk,25-11-2025 14:40:11
6K8VQ84MqhsoakN5MjrnVR,2B87zXm9bOWvAJdkJBTpzF,25-11-2025 14:35:04
3G6hD9B2ZHOsgf4WfNu7X1,0rmhjUgoVa17LZuS8xWQ3v,23-11-2025 11:08:24
2dLLR6qlu5UJ5gk0dKz0h3,0rmhjUgoVa17LZuS8xWQ3v,23-11-2025 11:03:34
5pKCDm2fw4k6D6C5Rk646C,58TQcPpRD9XcXhUDWF5P27,23-11-2025 11:02:15
3ZffCQKLFLUvYM59XKLbVm,5dN7F9DV0Qg1XRdIgW8rke,22-11-2025 19:51:42
40WWeoX26jtsfdmFx5iRty,661Hz0qJK8WIp7vAWsqKvk,22-11-2025 19:46:35
54JKnDB3CzVu8wNAOM27BI,6lqE05fiHWJVYYdMVJNj38,22-11-2025 19:42:24
6rlnljojqC42vtUeixpFAg,3WEwomTOJHNRGZggBfCeGX,22-11-2025 19:38:06
0Jli6hojT6aSBcFg4L2P5f,29mlJg2PpuihKDNYZalIxw,22-11-2025 19:35:09
4MDwdymY1PVqtqNWW90ZKP,2rC9jE6RZDJWKVjFri150t,22-11-2025 19:30:19
6BrkVzB76maKNqcryCmd1c,5RqSAt1rbN0shxXTcZkWRs,22-11-2025 19:27:48
7bgTQM4WaCDHMVxYxP78qq,34kM1CZ2wolcVmmHBiDuRO,22-11-2025 19:23:23
6ASSc7SMY7OwRiNQghyrBs,0lizaedcM1IvcNP5cmxYZX,22-11-2025 19:18:02
7kGIyLg83RiyfxU9teXVHa,33VMJ5jt8YwoCksqBtI3Jy,22-11-2025 19:14:56
3E1dpC7FZzlhqufX7mEJWy,1b4tSAVTE884VvOXWFTKAY,22-11-2025 19:09:43
5q5411GrxghqJuBqIZklhJ,51bMHnmO6wJMkSMX5QAlVI,22-11-2025 19:06:53
4nXrVH5xwN1w6TpmP7uu8n,4faMbTZifuYsBllYHZsFKJ,22-11-2025 19:02:17
4nXrVH5xwN1w6TpmP7uu8n,4faMbTZifuYsBllYHZsFKJ,22-11-2025 19:01:08
5sGAdzerznua6nkFZr4jW6,1PwBifIxwhShLquKtcoYKS,22-11-2025 17:55:46
2JSd07bT7GpgmB1NRIvetZ,2gWh8avogQOrmRGSwUYYfg,22-11-2025 17:51:15
5httOobFeAbwl4HTG7pwmw,0FG4TzUg4rEqrtKt1MoWu8,22-11-2025 17:47:51
3CjeDMzL35p8ioIBZwPlii,7elvdySQbQhXsQmrXhXP71,22-11-2025 17:45:15
4FjbOqihenGFiJGX6NoXXq,2pX6WzKzFvpjlLxVf10skl,22-11-2025 17:41:44
6D94p9ASguBcYlDC0o56vx,4faMbTZifuYsBllYHZsFKJ,22-11-2025 17:38:20
6vJYhhBZQm6t2uxq8Vu9Pg,3Rd8SJi9SLc2fAK37foqya,22-11-2025 17:34:23
4B5AhXrWLNccS4bIqobbvF,4XTQ4Gtb7ufWkayCds9iRh,22-11-2025 17:30:35
3EtWx3OhyDQlYKGOgBaKzR,6VFDx1JH29et19PR1hIPVQ,22-11-2025 17:26:27
7n19GYQHOjiqSzzRsuT1yW,231cebYofRSEq4LulMyB4x,22-11-2025 17:23:38
