id,name,album,artists,duration_ms,popularity
5TpPSTItCwtZ8Sltr3vdzm,Last Night on Earth,"{'id': '1AHZd3C3S8m8fFrhFxyk79', 'name': '21st Century Breakdown', 'release_date': '2009-05-15', 'album_type': 'album', 'total_tracks': 18}","[{'id': '7oPftvlwr6VrsViSDV7fJY', 'name': 'Green Day', 'genres': ['punk', 'pop punk']}]",236533,76
2SYMnBpx7zyhSDPQwoOlFO,Props & Mayhem,"{'id': '661Hz0qJK8WIp7vAWsqKvk', 'name': 'Collide With The Sky', 'release_date': '2012-07-17', 'album_type': 'album', 'total_tracks': 12}","[{'id': '4iJLPqClelZOBCBifm8Fzv', 'name': 'Pierce The Veil', 'genres': ['emo', 'screamo', 'post-hardcore']}]",217853,65
49wOjOkS4pBK3PQnPnNYjb,Zombie,"{'id': '5zjZVqXPI7J5qtBsZMjlI8', 'name': 'Gold', 'release_date': '2008-03-11', 'album_type': 'compilation', 'total_tracks': 31}","[{'id': '7t0rwkOPGlDPEhaOcVtOt9', 'name': 'The Cranberries', 'genres': []}]",307520,69
2G8PweZBBwTpyP8vpNQJK2,Caraphernelia,"{'id': '01dcOm8Whefyve6zChrq9Q', 'name': 'Selfish Machines', 'release_date': '2010-06-21', 'album_type': 'album', 'total_tracks': 12}","[{'id': '4iJLPqClelZOBCBifm8Fzv', 'name': 'Pierce The Veil', 'genres': ['emo', 'screamo', 'post-hardcore']}]",268480,71
6bGac1gBHs7kUKihrudMzq,Bulletproof Love,"{'id': '01dcOm8Whefyve6zChrq9Q', 'name': 'Selfish Machines', 'release_date': '2010-06-21', 'album_type': 'album', 'total_tracks': 12}","[{'id': '4iJLPqClelZOBCBifm8Fzv', 'name': 'Pierce The Veil', 'genres': ['emo', 'screamo', 'post-hardcore']}]",237400,67
4RAOI1etsgbh5NP3T5R8rN,I Don't Love You,"{'id': '0FZK97MXMm5mUQ8mtudjuK', 'name': 'The Black Parade', 'release_date': '2006-10-20', 'album_type': 'album', 'total_tracks': 14}","[{'id': '7FBcuc1gsnv6Y1nwFtNRCb', 'name': 'My Chemical Romance', 'genres': ['emo', 'pop punk']}]",238680,78
4QCczE24wLpDmPJ3qwwEvC,Wonderless,"{'id': '6LkthUHeWKSJsXhjs7SXFq', 'name': 'A Flair For The Dramatic', 'release_date': '2007', 'album_type': 'album', 'total_tracks': 11}","[{'id': '4iJLPqClelZOBCBifm8Fzv', 'name': 'Pierce The Veil', 'genres': ['emo', 'screamo', 'post-hardcore']}]",341053,60
42T2QQv3xgBlpQxaSP7lnK,One Last Breath,"{'id': '2ENlJXygQX6en4iziijet6', 'name': 'Weathered', 'release_date': '2001-01-01', 'album_type': 'album', 'total_tracks': 11}","[{'id': '43sZBwHjahUvgbx1WNIkIz', 'name': 'Creed', 'genres': ['post-grunge']}]",238240,83
6rlnljojqC42vtUeixpFAg,Heaven Help Us,"{'id': '3WEwomTOJHNRGZggBfCeGX', 'name': 'The Black Parade: The B-Sides', 'release_date': '2006-10-20', 'album_type': 'single', 'total_tracks': 5}","[{'id': '7FBcuc1gsnv6Y1nwFtNRCb', 'name': 'My Chemical Romance', 'genres': ['emo', 'pop punk']}]",175946,53
2Z7Q9xBlQvzsJ0AAUyKr7J,Fast Times at Clairemont High,"{'id': '01dcOm8Whefyve6zChrq9Q', 'name': 'Selfish Machines', 'release_date': '2010-06-21', 'album_type': 'album', 'total_tracks': 12}","[{'id': '4iJLPqClelZOBCBifm8Fzv', 'name': 'Pierce The Veil', 'genres': ['emo', 'screamo', 'post-hardcore']}]",241666,57
5pKCDm2fw4k6D6C5Rk646C,Tears Don't Fall,"{'id': '58TQcPpRD9XcXhUDWF5P27', 'name': 'The Poison', 'release_date': '2005', 'album_type': 'album', 'total_tracks': 13}","[{'id': '7iWiAD5LLKyiox2grgfmUT', 'name': 'Bullet For My Valentine', 'genres': ['metalcore', 'metal']}]",348386,68
0Jli6hojT6aSBcFg4L2P5f,I Don't Love You,"{'id': '29mlJg2PpuihKDNYZalIxw', 'name': 'The Black Parade / Living with Ghosts (The 10th Anniversary Edition)', 'release_date': '2016-09-23', 'album_type': 'album', 'total_tracks': 25}","[{'id': '7FBcuc1gsnv6Y1nwFtNRCb', 'name': 'My Chemical Romance', 'genres': ['emo', 'pop punk']}]",238680,42
54JKnDB3CzVu8wNAOM27BI,When You're Gone,"{'id': '6lqE05fiHWJVYYdMVJNj38', 'name': 'The Best Damn Thing (Expanded Edition)', 'release_date': '2007-04-17', 'album_type': 'album', 'total_tracks': 17}","[{'id': '0p4nmQO2msCgU4IF37Wi3j', 'name': 'Avril Lavigne', 'genres': []}]",240493,73
3ZffCQKLFLUvYM59XKLbVm,Wake Me up When September Ends,"{'id': '5dN7F9DV0Qg1XRdIgW8rke', 'name': 'American Idiot', 'release_date': '2004-09-21', 'album_type': 'album', 'total_tracks': 9}","[{'id': '7oPftvlwr6VrsViSDV7fJY', 'name': 'Green Day', 'genres': ['punk', 'pop punk']}]",285653,81
79nOr7w5ofaSCHqPtP6fLz,You Broke Me Too (feat. Avril Lavigne),"{'id': '3CwY3BM1DVO7G78p5rlcai', 'name': 'You Broke Me Too (feat. Avril Lavigne)', 'release_date': '2025-10-10', 'album_type': 'single', 'total_tracks': 1}","[{'id': '3zxKH0qp3nBCuPZCZT5Vaf', 'name': 'Yellowcard', 'genres': ['pop punk', 'punk', 'emo']}, {'id': '0p4nmQO2msCgU4IF37Wi3j', 'name': 'Avril Lavigne', 'genres': []}]",187249,44
3RptaQ5Xb8WvtpItZ2f9Hi,Snuff,"{'id': '0hFWapnP7orzXCMwNU5DuA', 'name': 'All Hope Is Gone', 'release_date': '2008-08-22', 'album_type': 'album', 'total_tracks': 15}","[{'id': '05fG473iIaoy82BF1aGhL8', 'name': 'Slipknot', 'genres': ['nu metal', 'metal', 'alternative metal', 'rap metal', 'heavy metal']}]",276146,67
0U87auHx1iZTEFcq9KVdmO,Boulevard of Broken Dreams,"{'id': '19ObsGobUuBr11M6ysFMug', 'name': 'American Idiot (20th Anniversary Deluxe Edition)', 'release_date': '2024-10-25', 'album_type': 'album', 'total_tracks': 57}","[{'id': '7oPftvlwr6VrsViSDV7fJY', 'name': 'Green Day', 'genres': ['punk', 'pop punk']}]",260936,80
0pwQZkXAMjnTMSEaAQ6IG3,Alone Forever,"{'id': '7gXd4yQ2j6bnA85edia95q', 'name': 'Alone Forever', 'release_date': '2023-08-02', 'album_type': 'single', 'total_tracks': 1}","[{'id': '20Mutv4YGHdWGQXZFFjbuD', 'name': 'Joel Cossette', 'genres': []}]",198851,42
5xEM5hIgJ1jjgcEBfpkt2F,Complicated,"{'id': '3zXjR3y2dUWklKmmp6lEhy', 'name': 'Let Go', 'release_date': '2002-06-04', 'album_type': 'album', 'total_tracks': 13}","[{'id': '0p4nmQO2msCgU4IF37Wi3j', 'name': 'Avril Lavigne', 'genres': []}]",244506,84
5xEM5hIgJ1jjgcEBfpkt2F,Complicated,"{'id': '3zXjR3y2dUWklKmmp6lEhy', 'name': 'Let Go', 'release_date': '2002-06-04', 'album_type': 'album', 'total_tracks': 13}","[{'id': '0p4nmQO2msCgU4IF37Wi3j', 'name': 'Avril Lavigne', 'genres': []}]",244506,84
5u2FOoFhp495GIj5BJC77J,Hold On Till May,"{'id': '661Hz0qJK8WIp7vAWsqKvk', 'name': 'Collide With The Sky', 'release_date': '2012-07-17', 'album_type': 'album', 'total_tracks': 12}","[{'id': '4iJLPqClelZOBCBifm8Fzv', 'name': 'Pierce The Veil', 'genres': ['emo', 'screamo', 'post-hardcore']}, {'id': '7lbX2TQTHawmdlhNuXDzHs', 'name': 'Lindsey Stamey', 'genres': []}]",278586,71
40WWeoX26jtsfdmFx5iRty,I'm Low On Gas And You Need A Jacket,"{'id': '661Hz0qJK8WIp7vAWsqKvk', 'name': 'Collide With The Sky', 'release_date': '2012-07-17', 'album_type': 'album', 'total_tracks': 12}","[{'id': '4iJLPqClelZOBCBifm8Fzv', 'name': 'Pierce The Veil', 'genres': ['emo', 'screamo', 'post-hardcore']}]",252386,67
6K8VQ84MqhsoakN5MjrnVR,Supercut,"{'id': '2B87zXm9bOWvAJdkJBTpzF', 'name': 'Melodrama', 'release_date': '2017-06-16', 'album_type': 'album', 'total_tracks': 11}","[{'id': '163tK9Wjr9P9DmM0AVK7lm', 'name': 'Lorde', 'genres': []}]",277506,79
3G6hD9B2ZHOsgf4WfNu7X1,Team,"{'id': '0rmhjUgoVa17LZuS8xWQ3v', 'name': 'Pure Heroine', 'release_date': '2013-09-27', 'album_type': 'album', 'total_tracks': 10}","[{'id': '163tK9Wjr9P9DmM0AVK7lm', 'name': 'Lorde', 'genres': []}]",193058,81
2dLLR6qlu5UJ5gk0dKz0h3,Royals,"{'id': '0rmhjUgoVa17LZuS8xWQ3v', 'name': 'Pure Heroine', 'release_date': '2013-09-27', 'album_type': 'album', 'total_tracks': 10}","[{'id': '163tK9Wjr9P9DmM0AVK7lm', 'name': 'Lorde', 'genres': []}]",190185,80
5pKCDm2fw4k6D6C5Rk646C,Tears Don't Fall,"{'id': '58TQcPpRD9XcXhUDWF5P27', 'name': 'The Poison', 'release_date': '2005', 'album_type': 'album', 'total_tracks': 13}","[{'id': '7iWiAD5LLKyiox2grgfmUT', 'name': 'Bullet For My Valentine', 'genres': ['metalcore', 'metal']}]",348386,68
3ZffCQKLFLUvYM59XKLbVm,Wake Me up When September Ends,"{'id': '5dN7F9DV0Qg1XRdIgW8rke', 'name': 'American Idiot', 'release_date': '2004-09-21', 'album_type': 'album', 'total_tracks': 9}","[{'id': '7oPftvlwr6VrsViSDV7fJY', 'name': 'Green Day', 'genres': ['punk', 'pop punk']}]",285653,81
40WWeoX26jtsfdmFx5iRty,I'm Low On Gas And You Need A Jacket,"{'id': '661Hz0qJK8WIp7vAWsqKvk', 'name': 'Collide With The Sky', 'release_date': '2012-07-17', 'album_type': 'album', 'total_tracks': 12}","[{'id': '4iJLPqClelZOBCBifm8Fzv', 'name': 'Pierce The Veil', 'genres': ['emo', 'screamo', 'post-hardcore']}]",252386,67
54JKnDB3CzVu8wNAOM27BI,When You're Gone,"{'id': '6lqE05fiHWJVYYdMVJNj38', 'name': 'The Best Damn Thing (Expanded Edition)', 'release_date': '2007-04-17', 'album_type': 'album', 'total_tracks': 17}","[{'id': '0p4nmQO2msCgU4IF37Wi3j', 'name': 'Avril Lavigne', 'genres': []}]",240493,73
6rlnljojqC42vtUeixpFAg,Heaven Help Us,"{'id': '3WEwomTOJHNRGZggBfCeGX', 'name': 'The Black Parade: The B-Sides', 'release_date': '2006-10-20', 'album_type': 'single', 'total_tracks': 5}","[{'id': '7FBcuc1gsnv6Y1nwFtNRCb', 'name': 'My Chemical Romance', 'genres': ['emo', 'pop punk']}]",175946,53
0Jli6hojT6aSBcFg4L2P5f,I Don't Love You,"{'id': '29mlJg2PpuihKDNYZalIxw', 'name': 'The Black Parade / Living with Ghosts (The 10th Anniversary Edition)', 'release_date': '2016-09-23', 'album_type': 'album', 'total_tracks': 25}","[{'id': '7FBcuc1gsnv6Y1nwFtNRCb', 'name': 'My Chemical Romance', 'genres': ['emo', 'pop punk']}]",238680,42
4MDwdymY1PVqtqNWW90ZKP,Red Flag,"{'id': '2rC9jE6RZDJWKVjFri150t', 'name': 'Red Flag', 'release_date': '2024-06-16', 'album_type': 'single', 'total_tracks': 1}","[{'id': '1yWLf9thhwjqScDt6Az4Z9', 'name': 'Tez', 'genres': ['v-pop', 'vietnamese hip hop', 'vinahouse']}, {'id': '5Hv9MhUFvGlYurce5BDRUh', 'name': 'Gill', 'genres': ['vietnamese hip hop', 'v-pop', 'vietnam indie']}, {'id': '39UJlviUwzZGZrA8DiQy31', 'name': 'Mason Nguyen', 'genres': ['vietnamese hip hop', 'v-pop']}]",151480,45
6BrkVzB76maKNqcryCmd1c,Khi 22,"{'id': '5RqSAt1rbN0shxXTcZkWRs', 'name': 'ĐÔI CHÂN ĐI', 'release_date': '2025-06-06', 'album_type': 'album', 'total_tracks': 17}","[{'id': '4jQZaxfgwiUJFQagCyZNV4', 'name': 'Ricky Star', 'genres': ['vietnamese hip hop', 'v-pop', 'vietnam indie']}, {'id': '0JggLWdYe1p6oHZoHpyPSD', 'name': 'Blacka', 'genres': ['vietnamese hip hop', 'v-pop']}]",248785,46
7bgTQM4WaCDHMVxYxP78qq,GIÀU NHẤT KHU PHÙ HOA,"{'id': '34kM1CZ2wolcVmmHBiDuRO', 'name': 'WeChoice Awards 2024', 'release_date': '2025-01-10', 'album_type': 'single', 'total_tracks': 6}","[{'id': '3rjcQ5VIWCN4q7UFetzdeO', 'name': 'JustaTee', 'genres': ['v-pop', 'vietnamese hip hop', 'vietnam indie']}, {'id': '1Jmkhzve9TuXHUUWGmpANw', 'name': 'Wxrdie', 'genres': ['vietnamese hip hop', 'v-pop']}, {'id': '5Hv9MhUFvGlYurce5BDRUh', 'name': 'Gill', 'genres': ['vietnamese hip hop', 'v-pop', 'vietnam indie']}, {'id': '5xY6E5PMZNtz9jDvxTRiGI', 'name': 'Dangrangto', 'genres': ['vietnamese hip hop', 'v-pop']}, {'id': '3JWIaDWHJq11w1xPqJStEv', 'name': 'Hustlang Robber', 'genres': ['vietnamese hip hop', 'v-pop']}]",320000,43
6ASSc7SMY7OwRiNQghyrBs,Đêm Trời Cho,"{'id': '0lizaedcM1IvcNP5cmxYZX', 'name': 'Đêm Trời Cho', 'release_date': '2022-11-25', 'album_type': 'single', 'total_tracks': 1}","[{'id': '5Hv9MhUFvGlYurce5BDRUh', 'name': 'Gill', 'genres': ['vietnamese hip hop', 'v-pop', 'vietnam indie']}, {'id': '0wATZebE9ZNj7fTjTdwiJB', 'name': 'Kewtiie', 'genres': ['v-pop', 'vietnamese hip hop', 'vietnam indie']}]",185806,28
7kGIyLg83RiyfxU9teXVHa,Mấy Cái Cúc,"{'id': '33VMJ5jt8YwoCksqBtI3Jy', 'name': 'Mấy Cái Cúc', 'release_date': '2025-07-14', 'album_type': 'single', 'total_tracks': 1}","[{'id': '3piry0LLLlUlt8njD4YZ0p', 'name': 'YoungTazle', 'genres': ['vietnamese hip hop', 'v-pop']}, {'id': '3wpXSzZJGMqPISAaXHJ854', 'name': 'YBEEsofresh', 'genres': ['melodic rap']}, {'id': '3vKwWYkN7HO195UkIyXeVj', 'name': 'playboicamau', 'genres': []}]",243781,44
3E1dpC7FZzlhqufX7mEJWy,zai Ba Đình,"{'id': '1b4tSAVTE884VvOXWFTKAY', 'name': 'anhtunglenpho: the album', 'release_date': '2025-09-16', 'album_type': 'album', 'total_tracks': 10}","[{'id': '6uAa2LaYiWLsy8FlwtKvay', 'name': 'SIXTYUPTOWN', 'genres': ['vietnamese hip hop', 'v-pop', 'vietnam indie']}]",166632,30
5q5411GrxghqJuBqIZklhJ,Nhớ Ems,"{'id': '51bMHnmO6wJMkSMX5QAlVI', 'name': 'Nhớ Ems', 'release_date': '2022-07-07', 'album_type': 'single', 'total_tracks': 1}","[{'id': '2lnesmkx2eGDj0wTUv61Ch', 'name': 'Rocky CDE', 'genres': ['vietnamese hip hop', 'v-pop', 'vinahouse']}, {'id': '5065aHa5E9M7GUqXpcpCxC', 'name': 'Khan', 'genres': ['vietnamese hip hop', 'v-pop']}]",214400,51
4nXrVH5xwN1w6TpmP7uu8n,Exit Sign,"{'id': '4faMbTZifuYsBllYHZsFKJ', 'name': 'Ai Cũng Phải Bắt Đầu Từ Đâu Đó', 'release_date': '2023-10-16', 'album_type': 'album', 'total_tracks': 13}","[{'id': '5HZtdKfC4xU0wvhEyYDWiY', 'name': 'HIEUTHUHAI', 'genres': ['v-pop', 'vietnamese hip hop', 'vietnamese lo-fi', 'vietnam indie', 'vinahouse']}, {'id': '3y6Lfjkrdn5TgkbgDxbpvM', 'name': 'marzuz', 'genres': ['v-pop', 'vietnam indie', 'vietnamese hip hop']}]",201589,70
4nXrVH5xwN1w6TpmP7uu8n,Exit Sign,"{'id': '4faMbTZifuYsBllYHZsFKJ', 'name': 'Ai Cũng Phải Bắt Đầu Từ Đâu Đó', 'release_date': '2023-10-16', 'album_type': 'album', 'total_tracks': 13}","[{'id': '5HZtdKfC4xU0wvhEyYDWiY', 'name': 'HIEUTHUHAI', 'genres': ['v-pop', 'vietnamese hip hop', 'vietnamese lo-fi', 'vietnam indie', 'vinahouse']}, {'id': '3y6Lfjkrdn5TgkbgDxbpvM', 'name': 'marzuz', 'genres': ['v-pop', 'vietnam indie', 'vietnamese hip hop']}]",201589,70
5sGAdzerznua6nkFZr4jW6,TUYẾT TRÊN PHỐ (feat. Gill),"{'id': '1PwBifIxwhShLquKtcoYKS', 'name': 'RAP VIỆT 2024, Tập 2', 'release_date': '2024-09-30', 'album_type': 'single', 'total_tracks': 6}","[{'id': '1cPpd989kghzlZqfpP4KwL', 'name': 'RAP VIỆT', 'genres': ['vietnamese hip hop', 'v-pop']}, {'id': '5Hv9MhUFvGlYurce5BDRUh', 'name': 'Gill', 'genres': ['vietnamese hip hop', 'v-pop', 'vietnam indie']}]",222800,48
2JSd07bT7GpgmB1NRIvetZ,Lung Linh,"{'id': '2gWh8avogQOrmRGSwUYYfg', 'name': 'Lung Linh', 'release_date': '2021-09-14', 'album_type': 'single', 'total_tracks': 1}","[{'id': '5Q5ZsD33P3z5ZiVmOC5WMx', 'name': 'GUA', 'genres': ['v-pop', 'vietnamese hip hop']}, {'id': '61xZPq6m9D1pmKc68G1YPR', 'name': 'Tranc', 'genres': []}]",203288,30
5httOobFeAbwl4HTG7pwmw,Zai Phố,"{'id': '0FG4TzUg4rEqrtKt1MoWu8', 'name': 'Zai Phố', 'release_date': '2023-03-06', 'album_type': 'single', 'total_tracks': 1}","[{'id': '5Hv9MhUFvGlYurce5BDRUh', 'name': 'Gill', 'genres': ['vietnamese hip hop', 'v-pop', 'vietnam indie']}]",156716,43
3CjeDMzL35p8ioIBZwPlii,Last Night 2,"{'id': '7elvdySQbQhXsQmrXhXP71', 'name': 'SHOW ME THE HAZEL', 'release_date': '2024-11-27', 'album_type': 'album', 'total_tracks': 14}","[{'id': '4ZFRJP4p2Ul4kGnKrEn5W2', 'name': 'Hazel', 'genres': ['vietnamese hip hop', 'drill', 'vietnam indie', 'v-pop']}, {'id': '0TkVD1db28vwnS8e3QpEeX', 'name': 'NxT', 'genres': ['vietnamese hip hop', 'v-pop', 'drill']}]",193333,48
4FjbOqihenGFiJGX6NoXXq,Trap Boy,"{'id': '2pX6WzKzFvpjlLxVf10skl', 'name': 'Nội Dung Nhạy Cảm - Part 2', 'release_date': '2024-08-16', 'album_type': 'single', 'total_tracks': 6}","[{'id': '0hUr8xEtATxbq2OTiJFAP0', 'name': '24k.Right', 'genres': ['vietnamese hip hop', 'v-pop']}, {'id': '39UJlviUwzZGZrA8DiQy31', 'name': 'Mason Nguyen', 'genres': ['vietnamese hip hop', 'v-pop']}, {'id': '3g8l4a4JtYNpYKqSMZMnK0', 'name': 'Hipz', 'genres': ['vietnamese hip hop', 'v-pop']}]",200680,42
6D94p9ASguBcYlDC0o56vx,NOLOVENOLIFE,"{'id': '4faMbTZifuYsBllYHZsFKJ', 'name': 'Ai Cũng Phải Bắt Đầu Từ Đâu Đó', 'release_date': '2023-10-16', 'album_type': 'album', 'total_tracks': 13}","[{'id': '5HZtdKfC4xU0wvhEyYDWiY', 'name': 'HIEUTHUHAI', 'genres': ['v-pop', 'vietnamese hip hop', 'vietnamese lo-fi', 'vietnam indie', 'vinahouse']}]",170898,62
6vJYhhBZQm6t2uxq8Vu9Pg,OK NAH NAH,"{'id': '3Rd8SJi9SLc2fAK37foqya', 'name': 'OK NAH NAH', 'release_date': '2020-09-20', 'album_type': 'single', 'total_tracks': 1}","[{'id': '4MHq627pFLlhqrdQTamHtm', 'name': '$ativa', 'genres': ['vietnamese hip hop', 'v-pop']}, {'id': '1DxMYqEhE2kFdVI9mrxUJf', 'name': 'Buford', 'genres': []}]",226645,24
4B5AhXrWLNccS4bIqobbvF,Phòng Số 12,"{'id': '4XTQ4Gtb7ufWkayCds9iRh', 'name': 'Never Love Again', 'release_date': '2024-07-31', 'album_type': 'album', 'total_tracks': 8}","[{'id': '3oD2yI1g6aT3KawHD8ZYaU', 'name': 'TeuYungBoy', 'genres': ['vietnamese hip hop', 'v-pop']}, {'id': '5xY6E5PMZNtz9jDvxTRiGI', 'name': 'Dangrangto', 'genres': ['vietnamese hip hop', 'v-pop']}, {'id': '3rSAej8VUifF02zpsGjsRZ', 'name': 'DONAL', 'genres': ['vietnamese hip hop', 'v-pop']}]",213392,44
3EtWx3OhyDQlYKGOgBaKzR,No Boundary,"{'id': '6VFDx1JH29et19PR1hIPVQ', 'name': 'No Boundary', 'release_date': '2023-10-03', 'album_type': 'single', 'total_tracks': 2}","[{'id': '0FvZX3MHDrlAAnf15FgBkA', 'name': 'Richie D. ICY', 'genres': ['vietnamese hip hop', 'v-pop']}, {'id': '0ZbgKh0FgPYeFP38nVaEGp', 'name': 'Obito', 'genres': ['v-pop', 'vietnamese hip hop', 'vietnam indie']}]",153500,45
7n19GYQHOjiqSzzRsuT1yW,Xin Đừng Làm Anh Đau,"{'id': '231cebYofRSEq4LulMyB4x', 'name': 'Xin Đừng Làm Anh Đau', 'release_date': '2025-03-14', 'album_type': 'single', 'total_tracks': 1}","[{'id': '620SGhgUsNYFnVULyiGCeL', 'name': 'RPT TC', 'genres': ['vietnamese hip hop', 'v-pop']}, {'id': '25JRC8aMGIGBIJ5KiINv3l', 'name': 'RPT Orijinn', 'genres': ['vietnamese hip hop', 'v-pop']}, {'id': '5GMm4G65nNaLgMddJ6Zsor', 'name': 'phemak', 'genres': ['vietnamese hip hop', 'v-pop']}]",218335,24
